,Last month,,,,,,2 months ago,,,,,
Product,Product Views,Cart Additions,Voucher Advance buy now success,Cart to Success Rate,Units,GMV,Product Views,Cart Additions,Voucher Advance buy now success,Cart to Success Rate,Units,GMV
betway bucks r25 voucher,112135,38391,6252,0.162850668125341,6373,159325,87388,32552,4990,0.153293192430572,5105,127625
betway bucks r50 voucher,107934,11684,3960,0.338925025676138,4043,202150,82849,10609,3437,0.323970213969271,3527,176350
betway bucks r75 voucher,106384,3188,1058,0.331869510664993,1060,79500,80981,2806,910,0.324305060584461,922,69150
betway bucks r100 voucher,106309,7021,2723,0.387836490528414,3107,310700,80900,6645,2538,0.381941309255079,2851,285100
betway bucks r150,106176,3326,1263,0.379735417919422,1347,202050,80733,2970,1192,0.401346801346801,1257,188550
betway bucks r300 voucher,106139,22172,5068,0.228576583077755,10394,3118200,80693,16128,3955,0.245225694444444,7935,2380500
r10 hollywood bets voucher,102382,22227,8628,0.38817654204346,9261,92610,100693,22319,9115,0.408396433531968,9848,98480
r5 hollywood bets voucher,102339,36242,12659,0.349290877986866,13661,68305,102561,43082,13296,0.308620769695,14400,72000
r20 hollywood bets voucher,101284,17414,7237,0.415585161364419,8292,165840,99496,20691,9142,0.441834614083417,10325,206500
r50 hollywood bets voucher,97359,8470,3531,0.416883116883116,3704,185200,95114,11108,4728,0.425639178970111,5011,250550
r100 hollywood bets voucher,96546,11013,3044,0.276400617452102,4806,480600,93928,13141,3836,0.291910813484514,5887,588700
r25 blu voucher,93972,5007,359,0.0716996205312562,400,10000,98975,5096,464,0.0910518053375196,560,14000
r50 blu voucher,92896,1763,354,0.200794100964265,397,19850,96693,1762,430,0.244040862656072,467,23350
r75 blu voucher,92694,660,128,0.193939393939393,133,9975,96181,793,175,0.220680958385876,193,14475
r100 blu voucher,92654,4054,855,0.210902812037493,1779,177900,96141,4044,910,0.225024727992087,1813,181300
r10 lottostar voucher,50255,3658,518,0.141607435757244,541,5410,51731,3786,559,0.147649234020073,597,5970
r10 supersportbet voucher,43468,2602,529,0.203305149884704,556,5560,44317,2836,521,0.183709449929478,547,5470
r50 shoprite voucher,37076,3490,44,0.0126074498567335,48,2400,44279,4469,70,0.0156634593868874,77,3850
r50 kfc voucher,35551,5628,55,0.00977256574271499,111,5550,41977,5924,95,0.0160364618501012,121,6050
r75 kfc voucher,33903,1596,33,0.0206766917293233,400,30000,39020,1762,49,0.0278093076049943,244,18300
kfc r50 voucher,33900,166,25,0.150602409638554,25,1250,39997,183,28,0.153005464480874,28,1400
r100 kfc voucher,33779,2104,94,0.0446768060836501,455,45500,39553,2551,110,0.0431203449627597,292,29200
r75 shoprite voucher,33683,685,18,0.0262773722627737,223,16725,39905,861,21,0.024390243902439,125,9375
kfc r75 voucher,33594,88,32,0.363636363636363,32,2400,39333,92,31,0.33695652173913,32,2400
kfc r100 voucher,33549,120,46,0.383333333333333,48,4800,39275,138,51,0.369565217391304,54,5400
kfc r150 voucher,33491,255,83,0.325490196078431,93,13950,39155,303,117,0.386138613861386,136,20400
shoprite r75 voucher,33263,255,26,0.101960784313725,26,1950,39474,283,25,0.0883392226148409,26,1950
r150 shoprite voucher,33154,555,17,0.0306306306306306,71,10650,39239,637,15,0.0235478806907378,35,5250
r200 shoprite voucher,33063,581,51,0.0877796901893287,125,25000,39127,830,60,0.072289156626506,98,19600
shoprite r150 voucher,33052,85,19,0.223529411764705,23,3450,39121,67,12,0.17910447761194,12,1800
shoprite r200 voucher,33036,100,38,0.38,41,8200,39054,368,85,0.230978260869565,152,30400
shoprite r400 voucher,32907,834,155,0.185851318944844,374,149600,38944,3825,974,0.254640522875817,1714,685600
r600 shoprite voucher,32901,964,25,0.0259336099585062,32,19200,38913,1470,19,0.0129251700680272,24,14400
shoprite r600 voucher,30427,3317,662,0.199577931866144,1693,1015800,38939,847,0,0,0,0
r400 shoprite voucher,30022,407,8,0.0196560196560196,8,3200,0,0,0,,0,0
r20 lottostar voucher,27104,2197,463,0.210741920801092,539,10780,29394,2163,458,0.211742949607027,510,10200
r25 wanejo bets voucher,22166,1308,43,0.032874617737003,43,1023.83,0,0,0,,0,0
r50 checkers voucher,21628,1284,70,0.0545171339563862,72,3600,27531,1593,69,0.0433145009416195,73,3650
r20 supersportbet voucher,20351,1276,304,0.238244514106583,327,6540,21780,1376,387,0.28125,404,8080
r75 checkers voucher,18138,319,13,0.0407523510971786,186,13950,22851,403,13,0.032258064516129,83,6225
checkers r75 voucher,17743,128,24,0.1875,25,1875,22384,178,31,0.174157303370786,32,2400
r150 checkers voucher,17615,199,8,0.0402010050251256,9,1350,22183,294,17,0.0578231292517006,17,2550
r30 nando's voucher,17559,400,50,0.125,50,736,22633,454,26,0.0572687224669603,26,376
r200 checkers voucher,17555,233,23,0.0987124463519313,114,22800,22079,341,33,0.0967741935483871,65,13000
checkers r150 voucher,17516,63,21,0.333333333333333,22,3300,22041,102,28,0.274509803921568,28,4200
checkers r200 voucher,17477,116,52,0.448275862068965,57,11400,21991,396,88,0.222222222222222,114,22800
r400 checkers voucher,17397,299,3,0.0100334448160535,3,1200,8872,182,0,0,0,0
checkers r400 voucher,17379,583,105,0.180102915951972,151,60400,21876,2030,243,0.119704433497536,297,118800
r600 checkers voucher,17359,377,12,0.0318302387267904,15,9000,21854,590,21,0.035593220338983,23,13800
r200 bp voucher,17304,3670,299,0.0814713896457765,318,64430,18150,3621,324,0.0894780447390223,342,69235
r100 spur voucher,16542,1047,65,0.0620821394460362,70,6332.26,18150,1072,219,0.204291044776119,396,39600
r400 bp voucher,16404,597,354,0.592964824120603,394,157600,17338,653,374,0.572741194486983,414,165600
bp r400 voucher,16374,1240,236,0.190322580645161,267,109460,17252,1204,250,0.207641196013289,275,112740
r800 bp voucher,16366,1752,915,0.522260273972602,1184,947200,17242,1711,870,0.508474576271186,1129,903200
bp r800 voucher,16343,1372,235,0.171282798833819,258,211560,17216,1411,231,0.163713678242381,257,210740
checkers r600 voucher,16011,2930,317,0.108191126279863,667,400200,21839,1802,0,0,0,0
r25 supersportbet voucher,13185,715,139,0.194405594405594,157,3925,13991,796,168,0.211055276381909,175,4375
ebet r50 voucher,12487,1801,52,0.0288728484175458,73,3335.5,10597,1085,59,0.0543778801843317,96,4302.42
spur r75 voucher,11869,2323,186,0.0800688764528626,513,36883.08,18825,1492,92,0.0616621983914209,141,10575
r50 nando's voucher,10621,637,9,0.0141287284144427,9,450,7218,372,13,0.0349462365591397,13,650
r75 roman's pizza voucher,10075,1521,38,0.0249835634451019,38,2850,6577,614,33,0.0537459283387622,36,2700
r150 spur voucher,10057,42,0,0,0,0,17520,1915,265,0.138381201044386,520,72907.2
r50 lottostar voucher,9912,735,219,0.297959183673469,222,11100,9988,834,254,0.304556354916067,261,13050
r140 2d nu metro voucher,9874,217,43,0.198156682027649,92,8586.36,8562,200,31,0.155,76,7093.08
r140 3d nu metro voucher,9867,249,15,0.0602409638554216,33,3079.89,8541,115,7,0.0608695652173913,17,1586.6100000000001
r175 full vip 3d nu metro voucher,9865,729,41,0.0562414266117969,80,10177.25,8485,656,18,0.0274390243902439,40,5133.5
r175 full vip 2d nu metro voucher,9861,1017,158,0.15535889872173,322,41696.24,8493,1018,141,0.138506876227897,295,38025.6
r135 2d nu metro voucher,9769,1687,87,0.0515708358032009,188,20245.72,8399,4907,64,0.0130425922152027,139,14968.91
r135 3d nu metro voucher,9764,923,24,0.0260021668472372,50,5384.5,8406,720,17,0.0236111111111111,24,2584.56
r100 roman's pizza voucher,9548,450,31,0.0688888888888888,37,3700,6097,223,25,0.112107623318385,47,4700
r150 roman's pizza voucher,9131,761,106,0.139290407358738,171,25650,5529,531,111,0.209039548022598,189,28350
r75 intercape voucher,8885,734,5,0.00681198910081743,5,322.23,9434,810,8,0.00987654320987654,18,1171.28
r75 nando's voucher,8531,258,5,0.0193798449612403,95,7125,5181,188,7,0.0372340425531914,159,11925
r100 nando's voucher,8299,377,61,0.161803713527851,144,14400,4921,322,55,0.170807453416149,187,18700
r85 med. soda & pop nu metro voucher,7751,2151,217,0.100883310088331,438,27451.88,8942,2508,287,0.114433811802232,538,33685.03
r30 supersportbet voucher,7465,508,125,0.246062992125984,129,3870,7795,559,161,0.288014311270125,165,4950
r100 lottostar voucher,7363,554,215,0.388086642599278,231,23100,6692,422,171,0.40521327014218,176,17600
wanejo bets r25 voucher,7263,200,19,0.095,19,413.06,0,0,0,,0,0
r200 lottostar voucher,7162,410,80,0.195121951219512,86,17200,6366,393,48,0.122137404580152,53,10600
r1000 lottostar voucher,7093,379,97,0.255936675461741,140,140000,6297,243,48,0.19753086419753,77,77000
r500 lottostar voucher,7093,225,64,0.284444444444444,65,32500,6297,130,29,0.223076923076923,29,14500
r50 plato coffee voucher,6986,1810,6,0.00331491712707182,6,272.7,0,0,0,,0,0
r50 wanejo bets voucher,6843,152,10,0.0657894736842105,10,476.2,0,0,0,,0,0
r50 supersportbet voucher,6508,772,212,0.27461139896373,246,12300,6636,735,278,0.378231292517006,279,13950
r150 intercape voucher,6298,451,29,0.0643015521064301,76,9875.2,6965,517,35,0.0676982591876208,83,10751.66
r500 adjoa samsung voucher,6096,586,0,0,0,0,5207,522,0,0,0,0
r5000 adjoa samsung voucher,6096,364,0,0,0,0,5207,310,1,0.0032258064516129,1,5000
r1000 adjoa samsung voucher,6096,238,0,0,0,0,5207,225,0,0,0,0
r2500 adjoa samsung voucher,6096,159,0,0,0,0,5207,149,0,0,0,0
r200 spur voucher,5859,392,100,0.255102040816326,107,18666.69,6676,582,118,0.20274914089347,224,43040.44
r300 spur voucher,5784,789,188,0.238276299112801,295,76804.06,6708,735,44,0.0598639455782312,86,25400
wanejo bets r50 voucher,5432,36,2,0.0555555555555555,2,86.96000000000001,0,0,0,,0,0
r75 wanejo bets voucher,5253,51,3,0.0588235294117647,3,214.29,0,0,0,,0,0
plato coffee r50 voucher,5180,53,6,0.113207547169811,6,260.88,0,0,0,,0,0
wanejo bets r75 voucher,5161,19,1,0.0526315789473684,1,65.22,0,0,0,,0,0
wanejo bets 100 voucher,5146,31,5,0.161290322580645,5,434.8,0,0,0,,0,0
r100 wanejo bets voucher,5145,86,10,0.116279069767441,10,952.4,0,0,0,,0,0
wanejo bets r400 voucher,5049,99,2,0.0202020202020202,2,695.66,0,0,0,,0,0
r100 supersportbet voucher,5044,283,89,0.314487632508833,102,10200,4625,264,100,0.378787878787878,109,10900
r75 plato coffee voucher,5038,120,1,0.00833333333333333,1,68.18,0,0,0,,0,0
r400 wanejo bets voucher,5030,201,3,0.0149253731343283,3,1142.8500000000001,0,0,0,,0,0
r150 supersportbet voucher,4900,172,42,0.244186046511627,42,6300,4454,161,50,0.31055900621118,50,7500
r100 plato coffee voucher,4891,62,1,0.0161290322580645,1,90.91,0,0,0,,0,0
r250 supersportbet voucher,4874,185,55,0.297297297297297,69,17250,4407,274,71,0.25912408759124,95,23750
r150 plato coffee voucher,4748,95,3,0.031578947368421,3,409.08,0,0,0,,0,0
plato coffee r75 voucher,4725,9,2,0.222222222222222,2,130.44,0,0,0,,0,0
plato coffee r100 voucher,4697,10,3,0.3,3,260.88,0,0,0,,0,0
plato coffee r150 voucher,4613,18,8,0.444444444444444,9,1173.8700000000001,0,0,0,,0,0
r75 rocomamas voucher,4575,441,7,0.0158730158730158,7,525,4164,326,6,0.0184049079754601,6,450
r75 kauai voucher,4040,274,28,0.102189781021897,43,3225,4024,258,31,0.120155038759689,50,3750
r500 lift airlines voucher,3817,283,3,0.0106007067137809,3,1491.07,3839,281,4,0.0142348754448398,4,1991.07
r1000 lift airlines voucher,3654,434,22,0.0506912442396313,28,28000,3663,294,22,0.0748299319727891,23,23000
r100 kauai voucher,3520,189,49,0.259259259259259,55,5500,3487,192,41,0.213541666666666,51,5100
r100 rocomamas voucher,3164,158,23,0.145569620253164,26,2600,2739,112,14,0.125,14,1400
r150 kauai voucher,3068,230,75,0.326086956521739,112,16800,2986,315,95,0.301587301587301,133,19950
r75 primi voucher,2961,201,3,0.0149253731343283,3,225,3284,184,1,0.00543478260869565,3,225
r150 rocomamas voucher,2895,2567,36,0.0140241527074405,65,9750,2455,2943,29,0.00985389058783554,34,5100
r75 krispy kreme voucher,2669,187,9,0.0481283422459893,20,1500,2811,163,19,0.116564417177914,33,2475
krispy kreme r100,2667,609,11,0.0180623973727422,14,1400,1380,304,2,0.00657894736842105,7,700
r200 rocomamas voucher,2655,273,36,0.131868131868131,63,12600,2384,245,57,0.232653061224489,111,22200
r80 legends barber voucher,2574,142,0,0,0,0,2254,133,1,0.0075187969924812,1,61.54
r150 mangwanani spa voucher,2526,2,0,0,0,0,2247,1,0,0,0,0
r200 mangwanani spa voucher,2497,3,1,0.333333333333333,1,181.82,2178,1,0,0,0,0
r575 lift airlines voucher,2455,45,4,0.0888888888888888,5,2613.65,3766,78,11,0.141025641025641,12,6235.400000000001
r500 mangwanani spa voucher,2412,3,2,0.666666666666666,2,909.1,2075,3,1,0.333333333333333,1,454.55
r75 panarottis voucher (10%),2383,111,1,0.009009009009009,1,75,2853,181,8,0.0441988950276243,13,884
r100 netflorist voucher,2378,157,1,0.00636942675159235,2,200,2006,118,2,0.0169491525423728,2,200
r750 mangwanani spa voucher,2376,82,0,0,0,0,2053,62,0,0,0,0
mangwanani spa r150 voucher,2362,137,0,0,0,0,2025,59,0,0,0,0
mangwanani spa r750 voucher,2362,65,0,0,0,0,2025,40,0,0,0,0
mangwanani spa r200 voucher,2362,49,0,0,0,0,2025,48,0,0,0,0
mangwanani spa r500 voucher,2362,39,0,0,0,0,2025,47,0,0,0,0
r500 travelwings voucher,2349,307,4,0.013029315960912,4,2000,2354,221,1,0.00452488687782805,1,500
r500 koodoo voucher,2317,146,7,0.047945205479452,10,5000,2051,1112,3,0.0026978417266187,4,2000
r100 col'cacchio voucher,2290,112,3,0.0267857142857142,3,300,2564,101,2,0.0198019801980198,2,200
r100 legends barber voucher,2246,67,1,0.0149253731343283,2,153.84,1940,58,1,0.0172413793103448,3,254.25
r150 legit voucher,2212,229,0,0,0,0,2164,205,0,0,0,0
r5000 koodoo voucher,2179,185,3,0.0162162162162162,4,20000,1899,199,0,0,0,0
r150 legends barber voucher,2177,69,0,0,0,0,1899,58,4,0.0689655172413793,4,485
r250 legends barber voucher,2161,106,6,0.0566037735849056,6,1232.06,1869,84,6,0.0714285714285714,6,1192.96
r300 legit voucher,2147,249,0,0,1,300,2047,187,0,0,3,900
r150 cape union mart voucher,2109,156,3,0.0192307692307692,3,450,2051,179,5,0.0279329608938547,6,900
r100 panarottis voucher (10%),2092,89,9,0.101123595505617,13,1300,332,20,0,0,0,0
r150 old khaki voucher,2079,140,0,0,0,0,1695,101,0,0,0,0
r200 cape union mart voucher,2040,54,2,0.037037037037037,3,600,1958,66,3,0.0454545454545454,5,1000
r200 netflorist voucher,2020,64,4,0.0625,5,1000,1548,41,4,0.0975609756097561,4,800
r300 cape union mart voucher,2002,66,4,0.0606060606060606,4,1200,1927,71,16,0.225352112676056,17,5100
r300 netflorist voucher,1987,73,11,0.150684931506849,12,3600,1481,66,5,0.0757575757575757,7,2100
r300 old khaki voucher,1977,57,0,0,0,0,1564,74,4,0.054054054054054,4,1200
r200 old khaki voucher,1977,52,0,0,0,0,1628,47,2,0.0425531914893617,2,400
krispy kreme r75,1974,49,8,0.163265306122448,8,600,1027,26,10,0.384615384615384,10,750
r500 cape union mart voucher,1945,50,5,0.1,5,2500,1849,60,8,0.133333333333333,8,4000
r500 netflorist voucher,1926,216,4,0.0185185185185185,5,2500,1439,161,2,0.0124223602484472,3,1500
r150 krispy kreme voucher,1913,103,10,0.0970873786407767,16,2400,2094,77,5,0.0649350649350649,11,1650
r1000 cape union mart voucher,1903,22,5,0.227272727272727,5,5000,1829,30,12,0.4,20,20000
r1000 cape union mart  voucher,1898,118,4,0.0338983050847457,4,4000,1819,113,5,0.0442477876106194,5,5000
r500 old khaki voucher,1889,173,3,0.0173410404624277,8,4000,1514,174,7,0.0402298850574712,12,6000
r150 sorbet voucher,1799,131,5,0.0381679389312977,5,667.32,1601,115,13,0.113043478260869,18,2432.76
r75 panarottis voucher,1771,23,3,0.130434782608695,3,225,1903,18,4,0.222222222222222,6,450
r200 sorbet voucher,1756,65,13,0.2,15,2978.76,1548,67,18,0.26865671641791,24,4741.59
krispy kreme r150,1741,31,14,0.451612903225806,14,2100,917,19,6,0.31578947368421,11,1650
r500 sorbet voucher,1644,91,30,0.329670329670329,38,18827.36,1418,95,30,0.31578947368421,40,19681.28
r150 panarottis voucher (10%),1607,93,17,0.182795698924731,17,2550,236,13,1,0.0769230769230769,1,150
r75 john dory's voucher (10%),1538,125,0,0,0,0,1459,102,0,0,0,0
r150 panarottis voucher,1452,10,6,0.6,15,2250,1463,17,10,0.588235294117647,18,2700
r300 panarottis voucher (10%),1422,83,10,0.120481927710843,15,4500,1419,112,17,0.151785714285714,18,5400
panarottis r300 voucher,1406,59,19,0.322033898305084,38,11400,1364,41,20,0.48780487804878,29,8700
r150 col'cacchio voucher,1403,76,3,0.0394736842105263,4,600,1562,91,2,0.0219780219780219,4,600
r200 panarottis voucher,1402,29,18,0.620689655172413,20,4000,1402,20,10,0.5,13,2600
r100 partners in wine voucher,1381,136,0,0,0,0,1187,117,0,0,0,0
babies r us r100,1379,117,1,0.00854700854700854,3,300,903,52,1,0.0192307692307692,1,100
r100 toysrus voucher,1334,90,4,0.0444444444444444,6,600,1191,78,2,0.0256410256410256,2,200
r1000 travelwings voucher,1200,60,6,0.1,7,7000,2192,139,10,0.0719424460431654,13,13000
babies r us r200,1177,70,1,0.0142857142857142,1,200,684,30,0,0,0,0
babies r us r300,1152,74,3,0.0405405405405405,6,1800,663,59,2,0.0338983050847457,4,1200
r100 john dory's voucher (10%),1133,62,0,0,0,0,1149,34,0,0,0,0
r200 toysrus voucher,1101,112,17,0.151785714285714,23,4600,927,48,5,0.104166666666666,5,1000
r300 toysrus voucher,1066,83,19,0.228915662650602,26,7800,901,298,10,0.0335570469798657,12,3600
r350 partners in wine voucher,1056,210,0,0,0,0,744,174,0,0,0,0
r200 partners in wine voucher,1056,52,0,0,0,0,745,41,0,0,0,0
r300 partners in wine voucher,1056,31,0,0,0,0,744,43,0,0,0,0
r300 col'cacchio voucher,1037,91,9,0.0989010989010989,17,5100,1089,93,16,0.172043010752688,22,6600
r150 poetry voucher,988,75,0,0,0,0,962,113,12,0.106194690265486,15,2250
r100 sweepsouth voucher,938,18,3,0.166666666666666,4,285.72,998,8,0,0,0,0
r75 turn ‘n tender voucher,932,12,0,0,0,0,1073,17,0,0,0,0
r200 poetry voucher,925,26,1,0.0384615384615384,1,200,890,50,8,0.16,9,1800
r150 primi voucher,912,41,2,0.048780487804878,2,300,1015,71,1,0.0140845070422535,1,150
r75 lupa osteria voucher,897,8,0,0,0,0,1029,6,0,0,0,0
big blue online r150,890,83,0,0,0,0,689,75,1,0.0133333333333333,1,150
r300 poetry voucher,888,88,0,0,0,0,852,94,3,0.0319148936170212,5,1500
r75 john dory's voucher,885,9,1,0.111111111111111,1,75,930,6,0,0,0,0
r1000 hirsch's voucher,879,67,1,0.0149253731343283,1,1000,912,68,3,0.0441176470588235,3,3000
r75 salsa mexican grill voucher,856,8,0,0,0,0,1023,5,0,0,0,0
r2500 hirsch's,849,33,5,0.151515151515151,6,15000,857,18,1,0.0555555555555555,1,2500
r5000 hirsch's voucher,848,89,0,0,0,0,854,122,4,0.0327868852459016,6,30000
r2500 hirsch's voucher,848,38,1,0.0263157894736842,1,2500,854,28,0,0,0,0
r5000 hirsch's,848,22,1,0.0454545454545454,2,10000,854,51,4,0.0784313725490196,4,20000
r500 poetry voucher,806,51,2,0.0392156862745098,3,1500,776,43,6,0.13953488372093,8,4000
r200 primi voucher,780,193,5,0.0259067357512953,8,1600,858,729,1,0.00137174211248285,1,200
r150 john dory's voucher (10%),748,59,1,0.0169491525423728,2,300,784,39,1,0.0256410256410256,1,150
r150 sweepsouth  voucher,744,88,17,0.193181818181818,45,4821.3,734,42,14,0.333333333333333,28,2999.92
big blue online r300,736,50,1,0.02,1,300,502,52,0,0,0,0
r100 john dory's voucher,723,1,1,1,1,100,850,8,3,0.375,3,300
r100 turn ‘n tender voucher,721,6,0,0,0,0,800,6,0,0,0,0
r100 lupa osteria voucher,695,1,0,0,0,0,804,3,0,0,0,0
primi r150 voucher,681,38,0,0,0,0,342,26,0,0,1,150
r200 john dory's voucher (10%),672,57,2,0.0350877192982456,2,400,664,33,3,0.0909090909090909,5,1036
r100 salsa mexican grill voucher,659,3,0,0,0,0,741,9,0,0,0,0
r500 zulzi voucher,647,48,2,0.0416666666666666,2,909.1,777,97,3,0.0309278350515463,3,1363.65
r150 john dory's voucher,646,2,1,0.5,2,300,654,11,1,0.0909090909090909,1,150
r100 sweepsouth  voucher,625,76,2,0.0263157894736842,5,500,630,441,0,0,0,0
big blue online r500,619,39,1,0.0256410256410256,1,500,396,34,1,0.0294117647058823,1,500
r200 john dory's voucher,618,16,6,0.375,10,2000,633,18,7,0.388888888888888,12,2400
r150 turn 'n tender voucher,615,4,0,0,0,0,527,4,0,0,0,0
toy kingdom r100 voucher,602,4,0,0,0,0,0,0,0,,0,0
r200 turn ‘n tender voucher,581,3,0,0,0,0,533,3,0,0,0,0
primi r200 voucher,569,108,0,0,0,0,287,57,0,0,0,0
r150 lupa osteria voucher,563,2,0,0,0,0,515,3,0,0,0,0
big blue online r870,561,63,0,0,0,0,340,73,0,0,0,0
r300 zulzi voucher,535,3,0,0,0,0,763,6,1,0.166666666666666,1,305.31
r300 keedo voucher,523,45,1,0.0222222222222222,3,750,695,33,0,0,0,0
toy kingdom r200 voucher,520,5,0,0,0,0,0,0,0,,0,0
r150 salsa mexican grill voucher,515,1,0,0,0,0,489,6,0,0,0,0
r300 turn ‘n tender voucher,514,12,0,0,0,0,477,3,0,0,0,0
toy kingdom r300 voucher,513,3,1,0.333333333333333,1,300,0,0,0,,0,0
r1000 visionworks voucher,509,58,1,0.0172413793103448,2,2000,473,46,0,0,0,0
r500 visionworks voucher,509,40,0,0,0,0,473,28,0,0,0,0
r250 visionworks voucher,509,20,0,0,0,0,473,34,0,0,0,0
r750 zulzi voucher,503,58,0,0,0,0,547,57,1,0.0175438596491228,1,750
r100 toy kingdom voucher,501,56,1,0.0178571428571428,1,100,0,0,0,,0,0
r200 salsa mexican grill voucher,486,1,0,0,0,0,465,4,0,0,0,0
r200 lupa osteria voucher,484,1,0,0,0,0,461,2,1,0.5,1,200
toy kingdom r400 voucher,467,7,1,0.142857142857142,1,400,0,0,0,,0,0
r400 keedo voucher,450,29,0,0,0,0,624,32,0,0,0,0
r300 toy kingdom voucher,449,3539,0,0,0,0,0,0,0,,0,0
r200 toy kingdom voucher,449,16,0,0,0,0,0,0,0,,0,0
r400 toy kingdom voucher,448,27,0,0,0,0,0,0,0,,0,0
r300 salsa mexican grill voucher,445,0,0,,0,0,397,3,0,0,0,0
r300 lupa osteria voucher,439,0,0,,0,0,424,2,1,0.5,2,600
ebet r250 voucher,404,33,0,0,0,0,1189,171,13,0.0760233918128654,25,5434.75
r150 keedo voucher,396,37,0,0,0,0,760,72,0,0,0,0
ebet r250,382,64,0,0,0,0,3084,466,5,0.0107296137339055,9,2142.9
r500 born fabulous,358,0,0,,0,0,407,1,0,0,0,0
r1000 born fabulous,301,1,0,0,0,0,307,0,0,,0,0
born r2500 fabulous voucher,258,61,0,0,0,0,271,52,0,0,0,0
born fabulous r500 voucher,258,54,0,0,0,0,271,77,0,0,0,0
born fabulous r1000 voucher,258,50,0,0,0,0,271,22,0,0,0,0
r2500 born fabulous,258,1,0,0,0,0,273,2,0,0,0,0
r50 intercity xpress voucher,225,9,0,0,0,0,0,0,0,,0,0
tlc r220 flight voucher,183,1,0,0,0,0,0,0,0,,0,0
r220 tlc flight voucher,171,13,0,0,0,0,0,0,0,,0,0
r1000 besafe voucher,135,0,0,,0,0,196,0,0,,0,0
r1000 stokke voucher,121,2,0,0,0,0,164,1,0,0,0,0
tlc travel r500 voucher,105,2,0,0,0,0,0,0,0,,0,0
r2500 besafe voucher,81,1,0,0,0,0,123,0,0,,0,0
besafe r5000 voucher,78,62,0,0,0,0,120,51,0,0,0,0
besafe r2500 voucher,78,49,0,0,0,0,120,40,0,0,0,0
besafe  r1000 voucher,78,21,0,0,0,0,120,22,0,0,0,0
r5000 besafe voucher,78,1,0,0,0,0,120,5,0,0,0,0
r500 tlc travel voucher,67,16,0,0,0,0,0,0,0,,0,0
intercity xpress r50 voucher,66,3,0,0,0,0,0,0,0,,0,0
stokke r4000 voucher,63,73,0,0,0,0,93,66,0,0,0,0
stokke r2500 voucher,63,45,0,0,0,0,93,30,0,0,0,0
stokke r1000 voucher,63,18,0,0,0,0,93,21,0,0,0,0
r4000 stokke voucher,63,2,0,0,0,0,95,4,0,0,0,0
r2500 stokke voucher,63,1,0,0,0,0,97,5,0,0,0,0
Unspecified,21,0,0,,0,0,0,0,0,,0,0
r500.00 tlc travel voucher,3,0,0,,0,0,0,0,0,,0,0
r5 hollywood bets voucher  (new),0,67,14,0.208955223880597,18,90,0,72,20,0.277777777777777,21,105
r75 debonairs  voucher,0,15,0,0,0,0,0,12,0,0,0,0
r600 engen voucher,0,9,0,0,0,0,0,8,0,0,0,0
r150 debonairs voucher,0,4,0,0,0,0,0,3,0,0,0,0
r300 engen voucher,0,2,0,0,0,0,0,0,0,,0,0
wimpy r100 vp,0,2,0,0,0,0,0,0,0,,0,0
krispy kream r100,0,1,0,0,0,0,1578,72,0,0,2,200
r100 debonairs voucher,0,1,0,0,0,0,0,4,0,0,0,0
wimpy r150 vp,0,1,0,0,0,0,0,0,0,,0,0
r300 intercape voucher,0,0,0,,0,0,3630,126,20,0.158730158730158,39,9915.36
ebet r100 voucher,0,0,0,,0,0,1540,189,14,0.074074074074074,22,1954.52
krispy kream r75,0,0,0,,0,0,1287,23,11,0.478260869565217,11,825
krispy kream r150,0,0,0,,0,0,1060,14,6,0.428571428571428,6,900
r750 travelwings voucher,0,0,0,,0,0,635,14,1,0.0714285714285714,1,625
r150 steers voucher,0,0,0,,0,0,0,1,0,0,0,0
burger king r100 vpay,0,0,0,,0,0,0,1,0,0,0,0
r100 hungry lion voucher,0,0,0,,0,0,0,1,0,0,0,0
r400 edgars voucher,0,0,0,,0,0,0,1,0,0,0,0
wimpy r75 vp,0,0,0,,0,0,0,1,0,0,0,0
r75 hungry lion voucher,0,0,0,,0,0,0,1,0,0,0,0
